{
    "run_id": "20260522_025148_061195",
    "results": {
        "Local": {
            "rmse": 25.734854047489392,
            "smape": 51.033713562060484,
            "mae": 17.27966602450262,
            "wmape": 0.38126407555603936,
            "mase": 3.1937774321676904
        },
        "Global FedAvg": {
            "rmse": 24.944743435989242,
            "smape": 51.68723150478601,
            "mae": 17.378311711852138,
            "wmape": 0.37058677514585203,
            "mase": 3.128961128395733
        },
        "PA-CFL": {
            "rmse": 23.580052181579912,
            "smape": 49.46657947257289,
            "mae": 15.92332424243083,
            "wmape": 0.3564003434996793,
            "mase": 2.976454093774296
        }
    },
    "evaluation_split": "test",
    "metric_weight": "evaluation sequence count"
}